<?xml version="1.0" encoding="UTF-8"?>
<interface>
  <object class="GtkMenu" id="menu">
    <child>
      <object class="GtkMenuItem" id="volume">
        <property name="label">  Volume</property>
      </object>
    </child>
        <child>
          <object class="GtkMenuItem" id="bluetooth">
            <property name="label"> Bluetooth</property>
          </object>
        </child>
        <child>
          <object class="GtkMenuItem" id="visualizer">
            <property name="label">  Visualizer</property>
          </object>
        </child>
      </object>
</interface>
